Word,Count
*,201
the,149
,92
to,82
used,52
task,46
Method,38
of,34
a,26
@param,21
this,15
instance,15
window,14
panel,13
@return,13
메소드,13
set,13
task's,13
날씨,12
and,12
JList,12
tasks,11
예보,11
category,11
온도,11
data,11
add,10
설정,10
Add,10
return,10
date,10
text,9
array,9
정보,9
method,8
on,8
create,8
BorderLayout,8
new,8
display,8
been,8
Charles,7
month,7
수,7
year,7
class,7
출력,7
index,7
@author,7
file,7
데이터,7
from,7
day,7
with,7
field,7
저장,6
selected,6
in,6
filter,6
Task,6
정보를,6
Henry,6
has,6
name,6
priority,6
user,6
페이지,6
파서,6
details,6
exported,6
줄,6
검색할,6
충무로,6
뉴스,6
생성,6
나타낼,6
for,6
추가,6
it,5
해쉬맵,5
점,5
when,5
기온,5
레이블,5
변수,5
그리기,5
Create,5
is,5
block,5
위한,5
TODO,5
if,5
notify,5
체감온도,5
보여주는,5
layout,5
선,5
Auto-generated,5
출력하는,5
notes,5
start,5
representation,4
패널이다,4
최저,4
날짜를,4
performed,4
grid,4
패널,4
be,4
기준,4
Class,4
프레임,4
때,4
설정해줌,4
그래프의,4
오전,4
store,4
시간,4
그래프를,4
크기,4
catch,4
홍대표,4
bar,4
list,4
아이콘,4
show,4
track,4
날짜,4
최고,4
파싱,4
색깔,4
SOUTH,4
y축,4
listener,4
주간,4
중기,4
saved,4
오후,4
not,4
menubar,4
비라는,3
actions,3
날씨를,3
DO,3
export,3
일정,3
단어가,3
into,3
as,3
그릴때,3
CENTER,3
구분없이,3
have,3
시간을,3
fields,3
대소문자,3
현재,3
button,3
코드,3
흐리고,3
:,3
위치,3
\URLEncoder.encode(serviceKey,"\UTF-8"\));\,3
item,3
동네,3
closed,3
일주일간의,3
make,3
string,3
reset,3
있을,3
셋팅,3
information,3
하루의,3
editing,3
구역,3
NOTHING,3
링크,3
can,3
open,3
생성하고,3
edit,3
비교,3
empty,3
생성자,3
프레임의,3
기준점,2
기사,2
while,2
turn,2
실황,2
후,2
changed,2
Menu,2
스트림,2
날씨의,2
close,2
populate,2
chosen,2
ToDoList,2
나타내,2
기상,2
File,2
A,2
계산,2
count,2
확인하는,2
변경,2
x축,2
구현,2
미세먼지,2
cannot,2
한다,2
위해,2
뉴스파서를,2
Input,2
리스트,2
etc,2
items,2
날짜별로,2
input,2
disable,2
action,2
맞게,2
textual,2
\날씨,\,2
방식으로,2
update,2
프레임이다,2
점들의,2
동내,2
adding,2
exporting,2
loop,2
\서울,\,2
Makes,2
클래스,2
정보가,2
데이터를,2
사용한다,2
따라,2
false,2
x축과,2
Date,2
그래프,2
맑음,2
켜졌을때의,2
받아와,2
사이즈,2
through,2
그림,2
스크롤바,2
갯수,2
명언을,2
remove,2
쓰임),2
output,2
크기조정,2
일별,2
30을,2
달린,2
불가,2
온도점을,2
dataLength를,2
더해서,2
clear,2
설정해서,2
manage,2
스크롤,2
y좌표를,2
경기도,2
program,2
넣어줌,2
반환,2
import,2
시작,2
반환하는,2
파싱을,2
true,2
수정,2
current,2
마우스,2
객체를,2
반환해주는,2
정의,2
최대,2
menu,2
API,2
중기예보,2
\인천,\,2
저장함,2
정수형으로,2
buttons,2
사용하여,2
알람,2
x좌표와,2
경우,2
받아오기,2
패널을,2
저장하는,2
온도를,2
길이,1
아이콘도,1
수직,1
위쪽에,1
@,1
후의,1
\state,\,1
등등,1
처음,1
시간대가,1
하나의,1
minPoints,1
y축을,1
visible,1
기사를,1
x축의,1
11,1
found,1
영어인지,1
sure,1
date=,1
자정~,1
후~,1
예보)를,1
제목을,1
management,1
클릭하면,1
정보와,1
생성하는,1
JTextArea의,1
서울,1
해당되는,1
사용한,1
수신,1
off,1
신규,1
먼지의,1
내용,1
frame,1
ListListener,1
눈과,1
TaskList,1
파싱된,1
Objects,1
양식에,1
listenrOn,1
drop,1
띄움,1
수신을,1
ActionListener,1
검사,1
out,1
사용해,1
이용해서,1
(아이콘),1
마크별,1
있을때,1
링크를,1
날씨가,1
2일간의,1
startDate,1
listListener,1
files,1
붙어있는,1
클릭시,1
저장(그래프,1
10일,1
'i',1
extract,1
눈옴,1
기본,1
one,1
세팅해주는,1
10도,1
iDay,1
1.00,1
들어가는,1
Listener,1
배치,1
제공하는,1
there,1
using,1
데이타,1
author,1
사용자가,1
simple,1
Byungkyu,1
상태에,1
variables,1
at,1
SKY의,1
오후날씨가,1
(correlates,1
맞추기,1
주간날씨보기,1
번갈아가면서,1
제목과,1
default,1
제목,1
Ji,1
8~10일,1
받아,1
오늘의,1
upon,1
\온도,\,1
보이도록,1
\found,\,1
조절,1
뉴스제목,1
오는,1
기준온도점을,1
UI,1
조회,1
based,1
enable,1
rowPanel,1
보여짐,1
시간대별,1
differentiate,1
y축에,1
EditWindow,1
3~7일까지는,1
\,\,1
within,1
제목은,1
기상정보,1
Tasks,1
존재하는지,1
close),1
Labels,1
주말,1
마크,1
간격)로,1
't',1
@ToDoList.java,1
거리,1
농도를,1
\최소,최대온도를\,1
별로,1
정하기,1
setzero를,1
11/14,1
띄워서,1
labels,1
Changes,1
JSONObject를,1
들어오는,1
받고,1
파서에서,1
차지하는,1
등,1
only,1
12,1
param,1
mouselistener,1
10도단위,1
down,1
url을,1
버퍼,1
Disable,1
검사함,1
최소온도,1
class:,1
increment,1
들어옴),1
@version,1
SAXParser로,1
알아낸,1
보여준다,1
each,1
9,1
마크를,1
up,1
이틀간의,1
날씨(동네,1
*홍대표,1
위치를,1
조정,1
00시의,1
링크가,1
named,1
해쉬맵에서,1
ji,1
*표시,1
(하루1개),1
일정을,1
수신할,1
titles,1
위해),1
10,1
API에서,1
랜덤하게,1
Used,1
항상,1
how,1
actionlistener,1
와서,1
no,1
따라서,1
읽어들일,1
flow,1
함수,1
http,1
마찬가지로,1
scrollPane,1
8~10일까지는,1
(그래프,1
문자열을,1
기준으로,1
예보(약,1
completed,1
same,1
템,1
미세,1
counter,1
that,1
새,1
클래스의,1
(menubar1),1
최소온도에,1
=,1
형식으로,1
\JList,\,1
쓰일,1
\author=Ji,\,1
똑같이,1
so,1
color,1
location,1
불가능하게,1
boolean,1
tree,1
형식에,1
텍스트,1
준다,1
날씨),1
2011/04/02,1
구름많음,1
응답받은,1
JListListener,1
json,1
표시,1
6시면,1
최고온도,1
3~8일까지,1
알아냄,1
changes,1
info,1
올렸을때,1
end,1
추가함으로써,1
prevent,1
계산한다,1
copy,1
xml,1
탭에,1
\최대,최소\,1
startup,1
array),1
해쉬맵으로,1
호출,1
url,1
maxPoints,1
\오전,\,1
그려주는,1
(tasks,1
그려준다,1
엘리먼트,1
그렸고,1
명언,1
파서를,1
순서대로,1
Constructor,1
exportText,1
자세한,1
버퍼로,1
percComp,1
임시,1
열어줌,1
길이만큼,1
noneditable,1
판넬과의,1
뉴스),1
날씨만,1
Attaches,1
열린다,1
\created,\,1
기온과,1
요청,1
걸리는,1
generic,1
범위,1
-,1
수신를,1
미세먼지의,1
호환하기,1
클래스를,1
클릭되면,1
가져오는,1
추가해줌,1
받아옴),1
받아서,1
구름만,1
패널선언,1
정보갯수,1
JTBC,1
\최고,\,1
2016.11.17,1
다,1
사용함,1
문서의,1
주었다,1
나눌,1
3~7일,1
이,1
눈이라는,1
options,1
중간점을,1
관련,1
monitor,1
받아온시간,1
ArrayList에,1
받아와서,1
실행,1
\요청,\,1
메소드이다,1
단어가잇을,1
(now,1
화질이,1
note,1
한줄씩,1
바꿔줌,1
Author,1
해당하는,1
\Date(temp.getStartDate().getYear(),temp.getStartDate().getMonth(),temp.getStartDate().getDay(),temp.getStartDate().getHour(),temp.getStartDate().getMin());\,1
함,1
\(날씨,\,1
JTextArea를,1
우측,1
맞춰,1
의미하는,1
Manager,1
do,1
육상,1
달력을,1
없으면,1
you,1
구한,1
등등을,1
ended,1
굵기,1
이틀간,1
길이에,1
formatted,1
편의에,1
스트링으로,1
errors,1
경로,1
기본적인,1
Buttons,1
이미지,1
미리보기,1
날짜에,1
끊어서,1
DrawGraph,1
중앙에,1
날짜별,1
its,1
put,1
구름에,1
옴,1
기사의,1
objects,1
사용,1
하늘,1
whether,1
역할을,1
받아온,1
각종,1
paintComponent,1
오늘,1
시간대별(3시간,1
back,1
통한,1
modifiying,1
부분을,1
시간대,1
\서비스키,\,1
상태,1
percentage,1
or,1
구름과,1
몇일,1
양에따라,1
ForecastMidParser,1
take,1
JTextArea로,1
최소,1
들어와,1
properly,1
날짜의,1
stub,1
수직스크롤,1
menu...),1
between,1
안에,1
1일,1
normal,1
white,1
option,1
\주간날씨,\,1
깔끔하게,1
(3일,1
자료의,1
content,1
바뀜,1
흐림,1
Java,1
추가하는,1
빼줌(파서,1
many,1
endDate,1
전망조회,1
panel에,1
act,1
될,1
구름조금,1
서비스의,1
깨끗해짐,1
\"\�"\\,1
MainFrame,1
2016.11.05,1
일주일의,1
반환한다,1
파싱하여,1
메뉴,1
최저온도,1
modifying,1
메인,1
selection,1
use,1
printWriter,1
creates,1
EAST,1
매개변수로,1
보여줌,1
예보의,1
달아서,1
흐리기만함,1
8일치,1
눈,비옴,1
Make,1
링크와,1
10줄까지만,1
\selected,\,1
최저기온,1
비옴,1
우측에,1
단위로,1
일정이,1
하나를,1
아이콘으로,1
각,1
iterator를,1
